2014-06-01, 2016-08-08
2014-04-28, 2016-07-05
2014-08-01, 2016-10-08
2014-07-18, 2016-09-24
2014-01-31, 2016-04-09
2014-08-07, 2016-10-14
2014-03-09, 2016-05-16
2014-07-09, 2016-09-15
2014-03-22, 2016-05-29
2014-02-06, 2016-04-15
2014-06-01, 2016-08-08
2014-05-22, 2016-07-29
2014-02-15, 2016-04-24
2014-08-03, 2016-10-10
2014-04-22, 2016-06-29
2014-07-21, 2016-09-27
2014-02-02, 2016-04-11
2014-04-08, 2016-06-15
2014-05-10, 2016-07-17
2014-05-24, 2016-07-31
2014-04-02, 2016-06-09
2014-01-09, 2016-03-18
2014-03-19, 2016-05-26
2014-07-19, 2016-09-25
2014-07-19, 2016-09-25
2014-07-31, 2016-10-07
2014-07-23, 2016-09-29
2014-03-06, 2016-05-13
2014-01-02, 2016-03-11
2014-04-20, 2016-06-27
2014-04-28, 2016-07-05
2014-06-30, 2016-09-06
2014-06-20, 2016-08-27
2014-02-01, 2016-04-10
2014-06-14, 2016-08-21
2014-07-19, 2016-09-25
2014-03-14, 2016-05-21
2014-04-30, 2016-07-07
2014-03-31, 2016-06-07
2014-02-07, 2016-04-16
2014-06-10, 2016-08-17
2014-06-13, 2016-08-20
2014-04-23, 2016-06-30
2014-03-12, 2016-05-19
2014-07-10, 2016-09-16
2014-04-19, 2016-06-26
2014-04-05, 2016-06-12
2014-06-01, 2016-08-08
2014-03-14, 2016-05-21
2014-06-08, 2016-08-15
2014-01-07, 2016-03-16
2014-01-04, 2016-03-13
2014-06-02, 2016-08-09
2014-04-03, 2016-06-10
2014-02-18, 2016-04-27
2014-06-17, 2016-08-24
2014-04-23, 2016-06-30
2014-03-17, 2016-05-24
2014-04-02, 2016-06-09
2014-05-06, 2016-07-13
2014-02-06, 2016-04-15
2014-04-21, 2016-06-28
2014-05-23, 2016-07-30
2014-08-12, 2016-10-19
2014-06-28, 2016-09-04
2014-01-27, 2016-04-05
2014-04-25, 2016-07-02
2014-02-07, 2016-04-16
2014-05-20, 2016-07-27
2014-03-11, 2016-05-18
2014-08-04, 2016-10-11
2014-05-03, 2016-07-10
2014-06-01, 2016-08-08
2014-07-01, 2016-09-07
2014-05-13, 2016-07-20
2014-06-24, 2016-08-31
2014-01-08, 2016-03-17
2014-02-27, 2016-05-06
2014-01-14, 2016-03-23
2014-04-01, 2016-06-08
2014-06-02, 2016-08-09
2014-01-29, 2016-04-07
2014-01-28, 2016-04-06
2014-04-12, 2016-06-19
2014-06-14, 2016-08-21
2014-04-23, 2016-06-30
2014-07-01, 2016-09-07
2014-03-20, 2016-05-27
2014-07-13, 2016-09-19
2014-04-13, 2016-06-20
2014-04-29, 2016-07-06
2014-04-21, 2016-06-28
2014-02-18, 2016-04-27
2014-01-31, 2016-04-09
2014-01-17, 2016-03-26
2014-04-25, 2016-07-02
2014-08-10, 2016-10-17
2014-01-20, 2016-03-29
2014-04-13, 2016-06-20
2014-02-26, 2016-05-05
2014-07-28, 2016-10-04
2014-05-27, 2016-08-03
2014-01-05, 2016-03-14
2014-04-17, 2016-06-24
2014-01-07, 2016-03-16
2014-03-23, 2016-05-30
2014-01-29, 2016-04-07
2014-02-05, 2016-04-14
2014-07-10, 2016-09-16
2014-07-13, 2016-09-19
2014-02-12, 2016-04-21
2014-06-10, 2016-08-17
2014-02-07, 2016-04-16
2014-05-11, 2016-07-18
2014-05-11, 2016-07-18
2014-04-26, 2016-07-03
2014-05-20, 2016-07-27
2014-05-11, 2016-07-18
2014-04-19, 2016-06-26
2014-07-11, 2016-09-17
2014-07-03, 2016-09-09
2014-07-29, 2016-10-05
2014-07-20, 2016-09-26
2014-05-04, 2016-07-11
2014-04-03, 2016-06-10
2014-06-21, 2016-08-28
2014-01-19, 2016-03-28
2014-02-02, 2016-04-11
2014-06-05, 2016-08-12
2014-02-23, 2016-05-02
2014-05-10, 2016-07-17
2014-01-22, 2016-03-31
2014-06-24, 2016-08-31
2014-06-29, 2016-09-05
2014-05-18, 2016-07-25
2014-06-07, 2016-08-14
2014-03-28, 2016-06-04
2014-07-31, 2016-10-07
2014-06-04, 2016-08-11
2014-04-22, 2016-06-29
2014-01-12, 2016-03-21
2014-02-03, 2016-04-12
2014-01-06, 2016-03-15
2014-01-31, 2016-04-09
2014-07-13, 2016-09-19
2014-02-18, 2016-04-27
2014-08-12, 2016-10-19
2014-04-15, 2016-06-22
2014-07-07, 2016-09-13
2014-01-04, 2016-03-13
2014-02-24, 2016-05-03
2014-05-29, 2016-08-05
2014-02-17, 2016-04-26
2014-05-17, 2016-07-24
2014-05-22, 2016-07-29
2014-02-15, 2016-04-24
2014-06-17, 2016-08-24
2014-06-16, 2016-08-23
2014-01-11, 2016-03-20
2014-07-25, 2016-10-01
2014-01-14, 2016-03-23
2014-07-31, 2016-10-07
2014-03-24, 2016-05-31
2014-01-21, 2016-03-30
2014-07-24, 2016-09-30
2014-05-18, 2016-07-25
2014-01-10, 2016-03-19
2014-04-15, 2016-06-22
2014-06-15, 2016-08-22
2014-04-02, 2016-06-09
2014-01-18, 2016-03-27
2014-06-28, 2016-09-04
2014-07-15, 2016-09-21
2014-03-14, 2016-05-21
2014-03-08, 2016-05-15
2014-02-22, 2016-05-01
2014-07-29, 2016-10-05
2014-02-01, 2016-04-10
2014-03-16, 2016-05-23
2014-03-24, 2016-05-31
2014-07-02, 2016-09-08
2014-07-18, 2016-09-24
2014-07-06, 2016-09-12
2014-06-14, 2016-08-21
2014-03-25, 2016-06-01
2014-07-22, 2016-09-28
2014-05-17, 2016-07-24
2014-08-05, 2016-10-12
2014-04-02, 2016-06-09
2014-02-13, 2016-04-22
2014-06-25, 2016-09-01
2014-07-24, 2016-09-30
2014-06-24, 2016-08-31
2014-06-26, 2016-09-02
2014-03-05, 2016-05-12
2014-05-03, 2016-07-10
2014-07-28, 2016-10-04
2014-03-20, 2016-05-27
2014-06-30, 2016-09-06
2014-05-26, 2016-08-02
2014-05-28, 2016-08-04
2014-04-30, 2016-07-07
2014-06-04, 2016-08-11
2014-01-26, 2016-04-04
2014-08-10, 2016-10-17
2014-02-09, 2016-04-18
2014-06-08, 2016-08-15
2014-07-06, 2016-09-12
2014-02-05, 2016-04-14
2014-02-24, 2016-05-03
2014-04-16, 2016-06-23
2014-07-21, 2016-09-27
2014-02-09, 2016-04-18
2014-04-25, 2016-07-02
2014-06-09, 2016-08-16
2014-01-14, 2016-03-23
2014-04-06, 2016-06-13
2014-04-04, 2016-06-11
2014-02-08, 2016-04-17
2014-07-29, 2016-10-05
2014-03-05, 2016-05-12
2014-06-18, 2016-08-25
2014-08-12, 2016-10-19
2014-05-11, 2016-07-18
2014-07-21, 2016-09-27
2014-06-04, 2016-08-11
2014-03-23, 2016-05-30
2014-04-20, 2016-06-27
2014-03-02, 2016-05-09
2014-05-03, 2016-07-10
2014-07-17, 2016-09-23
2014-03-26, 2016-06-02
2014-06-23, 2016-08-30
2014-02-26, 2016-05-05
2014-04-01, 2016-06-08
2014-07-30, 2016-10-06
2014-08-04, 2016-10-11
2014-06-16, 2016-08-23
2014-04-25, 2016-07-02
2014-06-17, 2016-08-24
2014-02-05, 2016-04-14
2014-05-06, 2016-07-13
2014-07-10, 2016-09-16
2014-03-07, 2016-05-14
2014-04-30, 2016-07-07
2014-07-20, 2016-09-26
2014-06-11, 2016-08-18
2014-02-27, 2016-05-06
2014-03-16, 2016-05-23
2014-06-19, 2016-08-26
2014-04-16, 2016-06-23
2014-07-21, 2016-09-27
2014-01-31, 2016-04-09
2014-06-16, 2016-08-23
2014-05-01, 2016-07-08
2014-05-21, 2016-07-28
2014-07-23, 2016-09-29
2014-03-20, 2016-05-27
2014-03-04, 2016-05-11
2014-05-06, 2016-07-13
2014-06-26, 2016-09-02
2014-02-24, 2016-05-03
2014-07-05, 2016-09-11
2014-07-11, 2016-09-17
2014-05-31, 2016-08-07
2014-05-25, 2016-08-01
2014-07-03, 2016-09-09
2014-04-03, 2016-06-10
2014-08-03, 2016-10-10
2014-07-03, 2016-09-09
2014-07-28, 2016-10-04
2014-03-17, 2016-05-24
2014-08-12, 2016-10-19
2014-03-16, 2016-05-23
2014-06-16, 2016-08-23
2014-03-14, 2016-05-21
2014-03-02, 2016-05-09
2014-05-30, 2016-08-06
2014-05-04, 2016-07-11
2014-05-29, 2016-08-05
2014-07-27, 2016-10-03
2014-08-06, 2016-10-13
2014-03-23, 2016-05-30
2014-03-02, 2016-05-09
2014-06-16, 2016-08-23
2014-07-24, 2016-09-30
2014-08-11, 2016-10-18
2014-05-07, 2016-07-14
2014-06-27, 2016-09-03
2014-01-22, 2016-03-31
2014-05-31, 2016-08-07
2014-04-15, 2016-06-22
2014-04-26, 2016-07-03
2014-02-10, 2016-04-19
2014-04-18, 2016-06-25
2014-06-22, 2016-08-29
2014-07-29, 2016-10-05
2014-08-03, 2016-10-10
2014-05-24, 2016-07-31
2014-03-12, 2016-05-19
2014-01-23, 2016-04-01
2014-06-26, 2016-09-02
2014-08-02, 2016-10-09
2014-07-11, 2016-09-17
2014-05-30, 2016-08-06
2014-05-06, 2016-07-13
2014-04-13, 2016-06-20
2014-01-16, 2016-03-25
2014-07-26, 2016-10-02
2014-03-20, 2016-05-27
2014-05-20, 2016-07-27
2014-06-05, 2016-08-12
2014-04-26, 2016-07-03
2014-01-10, 2016-03-19
2014-07-18, 2016-09-24
2014-01-12, 2016-03-21
2014-05-17, 2016-07-24
2014-05-24, 2016-07-31
2014-02-22, 2016-05-01
2014-01-29, 2016-04-07
2014-02-03, 2016-04-12
2014-05-22, 2016-07-29
2014-06-04, 2016-08-11
2014-01-30, 2016-04-08
2014-01-17, 2016-03-26
2014-02-06, 2016-04-15
2014-08-02, 2016-10-09
2014-07-09, 2016-09-15
2014-04-17, 2016-06-24
2014-03-13, 2016-05-20
2014-06-19, 2016-08-26
2014-03-01, 2016-05-08
2014-05-03, 2016-07-10
2014-04-29, 2016-07-06
2014-03-02, 2016-05-09
2014-03-30, 2016-06-06
2014-02-24, 2016-05-03
2014-04-30, 2016-07-07
2014-05-08, 2016-07-15
2014-07-09, 2016-09-15
2014-07-10, 2016-09-16
2014-03-13, 2016-05-20
2014-03-16, 2016-05-23
2014-03-15, 2016-05-22
2014-03-11, 2016-05-18
2014-08-05, 2016-10-12
2014-05-22, 2016-07-29
2014-06-05, 2016-08-12
2014-06-02, 2016-08-09
2014-03-20, 2016-05-27
2014-07-11, 2016-09-17
2014-03-18, 2016-05-25
2014-04-22, 2016-06-29
2014-03-03, 2016-05-10
2014-02-06, 2016-04-15
2014-03-09, 2016-05-16
2014-05-12, 2016-07-19
2014-06-20, 2016-08-27
2014-01-29, 2016-04-07
2014-04-14, 2016-06-21
2014-07-16, 2016-09-22
2014-01-29, 2016-04-07
2014-05-23, 2016-07-30
2014-01-26, 2016-04-04
2014-01-25, 2016-04-03
2014-07-19, 2016-09-25
2014-06-07, 2016-08-14
2014-04-16, 2016-06-23
2014-08-11, 2016-10-18
2014-04-28, 2016-07-05
2014-06-09, 2016-08-16
2014-04-30, 2016-07-07
2014-01-07, 2016-03-16
2014-03-08, 2016-05-15
2014-02-26, 2016-05-05
2014-01-16, 2016-03-25
2014-01-26, 2016-04-04
2014-07-02, 2016-09-08
2014-05-16, 2016-07-23
2014-05-05, 2016-07-12
2014-01-31, 2016-04-09
2014-01-30, 2016-04-08
2014-07-05, 2016-09-11
2014-07-12, 2016-09-18
2014-07-01, 2016-09-07
2014-02-21, 2016-04-30
2014-01-19, 2016-03-28
2014-04-26, 2016-07-03
2014-07-25, 2016-10-01
2014-06-09, 2016-08-16
2014-01-20, 2016-03-29
2014-05-11, 2016-07-18
2014-08-01, 2016-10-08
2014-07-09, 2016-09-15
2014-01-13, 2016-03-22
2014-03-28, 2016-06-04
2014-04-12, 2016-06-19
2014-01-31, 2016-04-09
2014-04-14, 2016-06-21
2014-04-01, 2016-06-08
2014-04-09, 2016-06-16
2014-06-24, 2016-08-31
2014-07-26, 2016-10-02
2014-03-03, 2016-05-10
2014-04-22, 2016-06-29
2014-01-11, 2016-03-20
2014-06-07, 2016-08-14
2014-05-11, 2016-07-18
2014-05-02, 2016-07-09
2014-07-22, 2016-09-28
2014-04-27, 2016-07-04
2014-05-07, 2016-07-14
2014-08-03, 2016-10-10
2014-05-07, 2016-07-14
2014-04-22, 2016-06-29
2014-08-13, 2016-10-20
2014-02-23, 2016-05-02
2014-02-04, 2016-04-13
2014-01-26, 2016-04-04
2014-01-24, 2016-04-02
2014-06-15, 2016-08-22
2014-05-08, 2016-07-15
2014-05-31, 2016-08-07
2014-07-18, 2016-09-24
2014-02-08, 2016-04-17
2014-05-02, 2016-07-09
2014-01-06, 2016-03-15
2014-04-29, 2016-07-06
2014-03-25, 2016-06-01
2014-06-09, 2016-08-16
2014-06-29, 2016-09-05
2014-07-01, 2016-09-07
2014-03-18, 2016-05-25
2014-05-08, 2016-07-15
2014-08-10, 2016-10-17
2014-01-05, 2016-03-14
2014-04-23, 2016-06-30
2014-07-15, 2016-09-21
2014-01-06, 2016-03-15
2014-04-28, 2016-07-05
2014-02-03, 2016-04-12
2014-01-03, 2016-03-12
2014-01-20, 2016-03-29
2014-03-31, 2016-06-07
2014-06-03, 2016-08-10
2014-03-24, 2016-05-31
2014-04-26, 2016-07-03
2014-07-30, 2016-10-06
2014-07-30, 2016-10-06
2014-07-19, 2016-09-25
2014-06-10, 2016-08-17
2014-05-08, 2016-07-15
2014-06-10, 2016-08-17
2014-02-12, 2016-04-21
2014-01-22, 2016-03-31
2014-06-22, 2016-08-29
2014-06-22, 2016-08-29
2014-01-27, 2016-04-05
2014-01-03, 2016-03-12
2014-07-30, 2016-10-06
2014-01-04, 2016-03-13
2014-05-02, 2016-07-09
2014-05-08, 2016-07-15
2014-02-22, 2016-05-01
2014-07-16, 2016-09-22
2014-04-21, 2016-06-28
2014-03-04, 2016-05-11
2014-07-03, 2016-09-09
2014-05-14, 2016-07-21
2014-05-15, 2016-07-22
2014-04-21, 2016-06-28
2014-04-22, 2016-06-29
2014-07-01, 2016-09-07
2014-05-27, 2016-08-03
2014-01-28, 2016-04-06
2014-06-14, 2016-08-21
2014-05-25, 2016-08-01
2014-02-13, 2016-04-22
2014-08-09, 2016-10-16
2014-02-02, 2016-04-11
2014-07-19, 2016-09-25
2014-07-31, 2016-10-07
2014-05-28, 2016-08-04
2014-05-04, 2016-07-11
2014-06-17, 2016-08-24
2014-06-29, 2016-09-05
2014-03-23, 2016-05-30
2014-01-16, 2016-03-25
2014-01-18, 2016-03-27
2014-01-28, 2016-04-06
2014-02-05, 2016-04-14
2014-08-08, 2016-10-15
2014-05-23, 2016-07-30
2014-01-16, 2016-03-25
2014-05-19, 2016-07-26
2014-04-04, 2016-06-11
2014-03-04, 2016-05-11
2014-07-15, 2016-09-21
2014-02-14, 2016-04-23
2014-03-22, 2016-05-29
